"nom","prénom","groupe","rattachement_parti","sexe","département","id_nossenateurs","url_institution"
"ADNOT","Philippe","NI","Union des radicaux, centristes, indépendants et démocrates","H","Aube","philippe-adnot","http://www.senat.fr/senateur/adnot_philippe89017r.html"
"AÏCHI","Leila","ECOLO","Europe Écologie Les Verts","F","Paris","leila-aichi","http://www.senat.fr/senateur/aichi_leila11076s.html"
"ALFONSI","Nicolas","RDSE","Parti radical de gauche","H","Corse-du-Sud","nicolas-alfonsi","http://www.senat.fr/senateur/alfonsi_nicolas01065w.html"
"ALQUIER","Jacqueline","SOC","Parti socialiste","F","Tarn","jacqueline-alquier","http://www.senat.fr/senateur/alquier_jacqueline04087r.html"
"AMOUDRY","Jean-Paul","UDI-UC","Association PSLE Nouveau Centre","H","Haute-Savoie","jean-paul-amoudry","http://www.senat.fr/senateur/amoudry_jean_paul95005a.html"
"ANDRÉ","Michèle","SOC","Parti socialiste","F","Puy-de-Dôme","michele-andre","http://www.senat.fr/senateur/andre_michele01031l.html"
"ANDRÉ","Pierre","UMP","Union pour un Mouvement Populaire","H","Aisne","pierre-andre","http://www.senat.fr/senateur/andre_pierre98036v.html"
"ANDREONI","Serge","SOC","Parti socialiste","H","Bouches-du-Rhône","serge-andreoni","http://www.senat.fr/senateur/andreoni_serge08040s.html"
"ANGO ELA","Kalliopi","ECOLO","Europe Écologie Les Verts","F","Français établis hors de France","kalliopi-ango-ela","http://www.senat.fr/senateur/ango_ela_kalliopi12040w.html"
"ANTISTE","Maurice","SOC","Parti progressiste Martiniquais","H","Martinique","maurice-antiste","http://www.senat.fr/senateur/antiste_maurice11109j.html"
"ANTOINETTE","Jean-Étienne","SOC","Parti socialiste","H","Guyane","jean-etienne-antoinette","http://www.senat.fr/senateur/antoinette_jean_etienne08072b.html"
"ANZIANI","Alain","SOC","Parti socialiste","H","Gironde","alain-anziani","http://www.senat.fr/senateur/anziani_alain08025t.html"
"ARCHIMBAUD","Aline","ECOLO","Europe Écologie Les Verts","F","Seine-Saint-Denis","aline-archimbaud","http://www.senat.fr/senateur/archimbaud_aline11055m.html"
"ARTHUIS","Jean","UDI-UC","Union des radicaux, centristes, indépendants et démocrates","H","Mayenne","jean-arthuis","http://www.senat.fr/senateur/arthuis_jean83011j.html"
"ASSASSI","Éliane","CRC","Parti communiste Français","F","Seine-Saint-Denis","eliane-assassi","http://www.senat.fr/senateur/assassi_eliane04085p.html"
"ASSOULINE","David","SOC","Parti socialiste","H","Paris","david-assouline","http://www.senat.fr/senateur/assouline_david04059m.html"
"AUBAN","Bertrand","SOC","Parti socialiste","H","Haute-Garonne","bertrand-auban","http://www.senat.fr/senateur/auban_bertrand98011l.html"
"BAILLY","Dominique","SOC","Parti socialiste","H","Nord","dominique-bailly","http://www.senat.fr/senateur/bailly_dominique11039m.html"
"BAILLY","Gérard","UMP","Union pour un Mouvement Populaire","H","Jura","gerard-bailly","http://www.senat.fr/senateur/bailly_gerard01008m.html"
"BARBIER","Gilbert","RDSE","Parti radical de gauche","H","Jura","gilbert-barbier","http://www.senat.fr/senateur/barbier_gilbert01046t.html"
"BAS","Philippe","UMP","Union pour un Mouvement Populaire","H","Manche","philippe-bas","http://www.senat.fr/senateur/bas_philippe05008e.html"
"BATAILLE","Delphine","SOC","Parti socialiste","F","Nord","delphine-bataille","http://www.senat.fr/senateur/bataille_delphine11036j.html"
"BAYLET","Jean-Michel","RDSE","Parti radical de gauche","H","Tarn-et-Garonne","jean-michel-baylet","http://www.senat.fr/senateur/baylet_jean_michel86010v.html"
"BEAUFILS","Marie-France","CRC","Parti communiste Français","F","Indre-et-Loire","marie-france-beaufils","http://www.senat.fr/senateur/beaufils_marie_france01013j.html"
"BEAUMONT","René","UMP","Union pour un Mouvement Populaire","H","Saône-et-Loire","rene-beaumont","http://www.senat.fr/senateur/beaumont_rene04091m.html"
"BÉCHU","Christophe","UMP","Union pour un Mouvement Populaire","H","Maine-et-Loire","christophe-bechu","http://www.senat.fr/senateur/bechu_christophe11030c.html"
"BÉCOT","Michel","UMP","Union pour un Mouvement Populaire","H","Deux-Sèvres","michel-becot","http://www.senat.fr/senateur/becot_michel95009e.html"
"BEL","Jean-Pierre","SOC","Parti socialiste","H","Ariège","jean-pierre-bel","http://www.senat.fr/senateur/bel_jean_pierre98006p.html"
"BELOT","Claude","UMP","Union pour un Mouvement Populaire","H","Charente-Maritime","claude-belot","http://www.senat.fr/senateur/belot_claude89013m.html"
"BENBASSA","Esther","ECOLO","Europe Écologie Les Verts","F","Val-de-Marne","esther-benbassa","http://www.senat.fr/senateur/benbassa_esther11033f.html"
"BÉRIT-DÉBAT","Claude","SOC","Parti socialiste","H","Dordogne","claude-berit-debat","http://www.senat.fr/senateur/berit_debat_claude08055a.html"
"BERNARD-REYMOND","Pierre","NI","Non rattaché","H","Hautes-Alpes","pierre-bernard-reymond","http://www.senat.fr/senateur/bernard_reymond_pierre07003h.html"
"BERSON","Michel","SOC","Parti socialiste","H","Essonne","michel-berson","http://www.senat.fr/senateur/berson_michel11068s.html"
"BERTHOU","Jacques","SOC","Parti socialiste","H","Ain","jacques-berthou","http://www.senat.fr/senateur/berthou_jacques08059e.html"
"BERTRAND","Alain","RDSE","Parti socialiste","H","Lozère","alain-bertrand","http://www.senat.fr/senateur/bertrand_alain11081p.html"
"BESSON","Jean","SOC","Parti socialiste","H","Drôme","jean-besson","http://www.senat.fr/senateur/besson_jean89015p.html"
"BILLARD","Joël","UMP","Union pour un Mouvement Populaire","H","Eure-et-Loir","joel-billard","http://www.senat.fr/senateur/billard_joel01064v.html"
"BILLOUT","Michel","CRC","Parti communiste Français","H","Seine-et-Marne","michel-billout","http://www.senat.fr/senateur/billout_michel04054g.html"
"BIZET","Jean","UMP","Union pour un Mouvement Populaire","H","Manche","jean-bizet","http://www.senat.fr/senateur/bizet_jean96004d.html"
"BLANDIN","Marie-Christine","ECOLO","Europe Écologie Les Verts","F","Nord","marie-christine-blandin","http://www.senat.fr/senateur/blandin_marie_christine01044r.html"
"BLONDIN","Maryvonne","SOC","Parti socialiste","F","Finistère","maryvonne-blondin","http://www.senat.fr/senateur/blondin_maryvonne08043v.html"
"BOCKEL","Jean-Marie","UDI-UC","Union des radicaux, centristes, indépendants et démocrates","H","Haut-Rhin","jean-marie-bockel","http://www.senat.fr/senateur/bockel_jean_marie04040a.html"
"BOCQUET","Éric","CRC","Parti communiste Français","H","Nord","eric-bocquet","http://www.senat.fr/senateur/bocquet_eric11040e.html"
"BONNEFOY","Nicole","SOC","Parti socialiste","F","Charente","nicole-bonnefoy","http://www.senat.fr/senateur/bonnefoy_nicole08060w.html"
"BOOG","Françoise","UMP","Union pour un Mouvement Populaire","F","Haut-Rhin","francoise-boog","http://www.senat.fr/senateur/boog_francoise13003v.html"
"BORDIER","Pierre","UMP","Union pour un Mouvement Populaire","H","Yonne","pierre-bordier","http://www.senat.fr/senateur/bordier_pierre04073k.html"
"BOTREL","Yannick","SOC","Parti socialiste","H","Côtes-d'Armor","yannick-botrel","http://www.senat.fr/senateur/botrel_yannick08014q.html"
"BOUCHART","Natacha","UMP","Union pour un Mouvement Populaire","F","Pas-de-Calais","natacha-bouchart","http://www.senat.fr/senateur/bouchart_natacha11060j.html"
"BOUCHOUX","Corinne","ECOLO","Europe Écologie Les Verts","F","Maine-et-Loire","corinne-bouchoux","http://www.senat.fr/senateur/bouchoux_corinne11029k.html"
"BOURDIN","Joël","UMP","Union pour un Mouvement Populaire","H","Eure","joel-bourdin","http://www.senat.fr/senateur/bourdin_joel89022n.html"
"BOURQUIN","Christian","RDSE","Parti socialiste","H","Pyrénées-Orientales","christian-bourquin","http://www.senat.fr/senateur/bourquin_christian11018g.html"
"BOURQUIN","Martial","SOC","Parti socialiste","H","Doubs","martial-bourquin","http://www.senat.fr/senateur/bourquin_martial08068f.html"
"BOURZAI","Bernadette","SOC","Parti socialiste","F","Corrèze","bernadette-bourzai","http://www.senat.fr/senateur/bourzai_bernadette08050u.html"
"BOUTANT","Michel","SOC","Parti socialiste","H","Charente","michel-boutant","http://www.senat.fr/senateur/boutant_michel08058d.html"
"BOYER","Jean","UDI-UC","Association PSLE Nouveau Centre","H","Haute-Loire","jean-boyer","http://www.senat.fr/senateur/boyer_jean01052r.html"
"BRUGUIÈRE","Marie-Thérèse","UMP","Union pour un Mouvement Populaire","F","Hérault","marie-therese-bruguiere","http://www.senat.fr/senateur/bruguiere_marie_therese08020n.html"
"BUFFET","François-Noël","UMP","Union pour un Mouvement Populaire","H","Rhône","francois-noel-buffet","http://www.senat.fr/senateur/buffet_francois_noel04047h.html"
"CAFFET","Jean-Pierre","SOC","Parti socialiste","H","Paris","jean-pierre-caffet","http://www.senat.fr/senateur/caffet_jean_pierre04066l.html"
"CALVET","François","UMP","Union pour un Mouvement Populaire","H","Pyrénées-Orientales","francois-calvet","http://www.senat.fr/senateur/calvet_francois11101a.html"
"CAMANI","Pierre","SOC","Parti socialiste","H","Lot-et-Garonne","pierre-camani","http://www.senat.fr/senateur/camani_pierre11095v.html"
"CAMBON","Christian","UMP","Union pour un Mouvement Populaire","H","Val-de-Marne","christian-cambon","http://www.senat.fr/senateur/cambon_christian04042c.html"
"CAMPION","Claire-Lise","SOC","Parti socialiste","F","Essonne","claire-lise-campion","http://www.senat.fr/senateur/campion_claire_lise00003c.html"
"CANTEGRIT","Jean-Pierre","UMP","Union pour un Mouvement Populaire","H","Français établis hors de France","jean-pierre-cantegrit","http://www.senat.fr/senateur/cantegrit_jean_pierre77002u.html"
"CAPO-CANELLAS","Vincent","UDI-UC","Union des radicaux, centristes, indépendants et démocrates","H","Seine-Saint-Denis","vincent-capo-canellas","http://www.senat.fr/senateur/capo_canellas_vincent11053k.html"
"CARDOUX","Jean-Noël","UMP","Union pour un Mouvement Populaire","H","Loiret","jean-noel-cardoux","http://www.senat.fr/senateur/cardoux_jean_noel11103c.html"
"CARLE","Jean-Claude","UMP","Union pour un Mouvement Populaire","H","Haute-Savoie","jean-claude-carle","http://www.senat.fr/senateur/carle_jean_claude95015c.html"
"CARRÈRE","Jean-Louis","SOC","Parti socialiste","H","Landes","jean-louis-carrere","http://www.senat.fr/senateur/carrere_jean_louis92015p.html"
"CARTRON","Françoise","SOC","Parti socialiste","F","Gironde","francoise-cartron","http://www.senat.fr/senateur/cartron_francoise08024s.html"
"CARVOUNAS","Luc","SOC","Parti socialiste","H","Val-de-Marne","luc-carvounas","http://www.senat.fr/senateur/carvounas_luc11032e.html"
"CAYEUX","Caroline","UMP","Union pour un Mouvement Populaire","F","Oise","caroline-cayeux","http://www.senat.fr/senateur/cayeux_caroline11044j.html"
"CAZEAU","Bernard","SOC","Parti socialiste","H","Dordogne","bernard-cazeau","http://www.senat.fr/senateur/cazeau_bernard98029w.html"
"CÉSAR","Gérard","UMP","Union pour un Mouvement Populaire","H","Gironde","gerard-cesar","http://www.senat.fr/senateur/cesar_gerard90003b.html"
"CHARON","Pierre","UMP","Union pour un Mouvement Populaire","H","Paris","pierre-charon","http://www.senat.fr/senateur/charon_pierre11080n.html"
"CHASTAN","Yves","SOC","Parti socialiste","H","Ardèche","yves-chastan","http://www.senat.fr/senateur/chastan_yves08057c.html"
"CHATILLON","Alain","UMP","Union des radicaux, centristes, indépendants et démocrates","H","Haute-Garonne","alain-chatillon","http://www.senat.fr/senateur/chatillon_alain08028w.html"
"CHAUVEAU","Jean-Pierre","UMP","Union pour un Mouvement Populaire","H","Sarthe","jean-pierre-chauveau","http://www.senat.fr/senateur/chauveau_jean_pierre04099v.html"
"CHEVÈNEMENT","Jean-Pierre","RDSE","Debout la République","H","Territoire-de-Belfort","jean-pierre-chevenement","http://www.senat.fr/senateur/chevenement_jean_pierre02053w.html"
"CHIRON","Jacques","SOC","Parti socialiste","H","Isère","jacques-chiron","http://www.senat.fr/senateur/chiron_jacques11042g.html"
"CLAIREAUX","Karine","SOC","Parti socialiste","F","Saint-Pierre-et-Miquelon","karine-claireaux","http://www.senat.fr/senateur/claireaux_karine11023d.html"
"CLÉACH","Marcel-Pierre","UMP","Union pour un Mouvement Populaire","H","Sarthe","marcel-pierre-cleach","http://www.senat.fr/senateur/cleach_marcel_pierre95019g.html"
"COHEN","Laurence","CRC","Parti communiste Français","F","Val-de-Marne","laurence-cohen","http://www.senat.fr/senateur/cohen_laurence11031d.html"
"COINTAT","Christian","UMP","Union pour un Mouvement Populaire","H","Français établis hors de France","christian-cointat","http://www.senat.fr/senateur/cointat_christian01063u.html"
"COLLIN","Yvon","RDSE","Parti radical de gauche","H","Tarn-et-Garonne","yvon-collin","http://www.senat.fr/senateur/collin_yvon88008l.html"
"COLLOMB","Gérard","SOC","Parti socialiste","H","Rhône","gerard-collomb","http://www.senat.fr/senateur/collomb_gerard99002p.html"
"COLLOMBAT","Pierre-Yves","RDSE","Parti socialiste","H","Var","pierre-yves-collombat","http://www.senat.fr/senateur/collombat_pierre_yves04038g.html"
"CORNANO","Jacques","SOC","Parti socialiste","H","Guadeloupe","jacques-cornano","http://www.senat.fr/senateur/cornano_jacques11114f.html"
"CORNU","Gérard","UMP","Union pour un Mouvement Populaire","H","Eure-et-Loir","gerard-cornu","http://www.senat.fr/senateur/cornu_gerard98023q.html"
"COUDERC","Raymond","UMP","Union pour un Mouvement Populaire","H","Hérault","raymond-couderc","http://www.senat.fr/senateur/couderc_raymond07030l.html"
"COURTEAU","Roland","SOC","Parti socialiste","H","Aude","roland-courteau","http://www.senat.fr/senateur/courteau_roland80013x.html"
"COURTOIS","Jean-Patrick","UMP","Union pour un Mouvement Populaire","H","Saône-et-Loire","jean-patrick-courtois","http://www.senat.fr/senateur/courtois_jean_patrick95020y.html"
"CUKIERMAN","Cécile","CRC","Parti communiste Français","F","Loire","cecile-cukierman","http://www.senat.fr/senateur/cukierman_cecile11056n.html"
"DALLIER","Philippe","UMP","Union pour un Mouvement Populaire","H","Seine-Saint-Denis","philippe-dallier","http://www.senat.fr/senateur/dallier_philippe04086q.html"
"DANTEC","Ronan","ECOLO","Europe Écologie Les Verts","H","Loire-Atlantique","ronan-dantec","http://www.senat.fr/senateur/dantec_ronan11065p.html"
"DARNICHE","Philippe","NI","Debout la République","H","Vendée","philippe-darniche","http://www.senat.fr/senateur/darniche_philippe95021a.html"
"DASSAULT","Serge","UMP","Union pour un Mouvement Populaire","H","Essonne","serge-dassault","http://www.senat.fr/senateur/dassault_serge04055h.html"
"DAUDIGNY","Yves","SOC","Parti socialiste","H","Aisne","yves-daudigny","http://www.senat.fr/senateur/daudigny_yves08052w.html"
"DAUNIS","Marc","SOC","Parti socialiste","H","Alpes-Maritimes","marc-daunis","http://www.senat.fr/senateur/daunis_marc08038y.html"
"DAVID","Annie","CRC","Parti communiste Français","F","Isère","annie-david","http://www.senat.fr/senateur/david_annie01059y.html"
"DEBRÉ","Isabelle","UMP","Union pour un Mouvement Populaire","F","Hauts-de-Seine","isabelle-debre","http://www.senat.fr/senateur/debre_isabelle04081k.html"
"DEL PICCHIA","Robert","UMP","Union pour un Mouvement Populaire","H","Français établis hors de France","robert-del-picchia","http://www.senat.fr/senateur/del_picchia_robert98018t.html"
"DELAHAYE","Vincent","UDI-UC","Union des radicaux, centristes, indépendants et démocrates","H","Essonne","vincent-delahaye","http://www.senat.fr/senateur/delahaye_vincent11070l.html"
"DELATTRE","Francis","UMP","Union pour un Mouvement Populaire","H","Val-d'Oise","francis-delattre","http://www.senat.fr/senateur/delattre_francis11088w.html"
"DELEBARRE","Michel","SOC","Parti socialiste","H","Nord","michel-delebarre","http://www.senat.fr/senateur/delebarre_michel11035h.html"
"DEMERLIAT","Jean-Pierre","SOC","Parti socialiste","H","Haute-Vienne","jean-pierre-demerliat","http://www.senat.fr/senateur/demerliat_jean_pierre90004c.html"
"DEMESSINE","Michelle","CRC","Parti communiste Français","F","Nord","michelle-demessine","http://www.senat.fr/senateur/demessine_michelle92018s.html"
"DEMONTÈS","Christiane","SOC","Parti socialiste","F","Rhône","christiane-demontes","http://www.senat.fr/senateur/demontes_christiane04046g.html"
"DENEUX","Marcel","UDI-UC","Le Centre pour la France","H","Somme","marcel-deneux","http://www.senat.fr/senateur/deneux_marcel95025e.html"
"DÉRIOT","Gérard","UMP","Union pour un Mouvement Populaire","H","Allier","gerard-deriot","http://www.senat.fr/senateur/deriot_gerard98024r.html"
"DEROCHE","Catherine","UMP","Union pour un Mouvement Populaire","F","Maine-et-Loire","catherine-deroche","http://www.senat.fr/senateur/deroche_catherine10006l.html"
"DES ESGAULX","Marie-Hélène","UMP","Union pour un Mouvement Populaire","F","Gironde","marie-helene-des-esgaulx","http://www.senat.fr/senateur/des_esgaulx_marie_helene08022q.html"
"DESESSARD","Jean","ECOLO","Europe Écologie Les Verts","H","Paris","jean-desessard","http://www.senat.fr/senateur/desessard_jean04067m.html"
"DESPLAN","Félix","SOC","Parti socialiste","H","Guadeloupe","felix-desplan","http://www.senat.fr/senateur/desplan_felix11113e.html"
"DÉTRAIGNE","Yves","UDI-UC","Union des radicaux, centristes, indépendants et démocrates","H","Marne","yves-detraigne","http://www.senat.fr/senateur/detraigne_yves01024m.html"
"DIDIER","Évelyne","CRC","Parti communiste Français","F","Meurthe-et-Moselle","evelyne-didier","http://www.senat.fr/senateur/didier_evelyne01015l.html"
"DILAIN","Claude","SOC","Parti socialiste","H","Seine-Saint-Denis","claude-dilain","http://www.senat.fr/senateur/dilain_claude11051h.html"
"DINI","Muguette","UDI-UC","Union des radicaux, centristes, indépendants et démocrates","F","Rhône","muguette-dini","http://www.senat.fr/senateur/dini_muguette04051d.html"
"DOLIGÉ","Éric","UMP","Union pour un Mouvement Populaire","H","Loiret","eric-dolige","http://www.senat.fr/senateur/dolige_eric01027q.html"
"DOMEIZEL","Claude","SOC","Parti socialiste","H","Alpes-de-Haute-Provence","claude-domeizel","http://www.senat.fr/senateur/domeizel_claude98030p.html"
"DOMINATI","Philippe","UMP","Union pour un Mouvement Populaire","H","Paris","philippe-dominati","http://www.senat.fr/senateur/dominati_philippe04071h.html"
"DOUBLET","Michel","UMP","Union pour un Mouvement Populaire","H","Charente-Maritime","michel-doublet","http://www.senat.fr/senateur/doublet_michel89014n.html"
"DUBOIS","Daniel","UDI-UC","Association PSLE Nouveau Centre","H","Somme","daniel-dubois","http://www.senat.fr/senateur/dubois_daniel04089t.html"
"DUCHÊNE","Marie-Annick","UMP","Non rattaché","F","Yvelines","marie-annick-duchene","http://www.senat.fr/senateur/duchene_marie_annick11091r.html"
"DUFAUT","Alain","UMP","Union pour un Mouvement Populaire","H","Vaucluse","alain-dufaut","http://www.senat.fr/senateur/dufaut_alain87003b.html"
"DULAIT","André","UMP","Union pour un Mouvement Populaire","H","Deux-Sèvres","andre-dulait","http://www.senat.fr/senateur/dulait_andre95028h.html"
"DUPONT","Jean-Léonce","UDI-UC","Association PSLE Nouveau Centre","H","Calvados","jean-leonce-dupont","http://www.senat.fr/senateur/dupont_jean_leonce98042t.html"
"DUPONT","Ambroise","UMP","Union pour un Mouvement Populaire","H","Calvados","ambroise-dupont","http://www.senat.fr/senateur/dupont_ambroise89007p.html"
"DURRIEU","Josette","SOC","Parti socialiste","F","Hautes-Pyrénées","josette-durrieu","http://www.senat.fr/senateur/durrieu_josette92020l.html"
"DUVERNOIS","Louis","UMP","Union pour un Mouvement Populaire","H","Français établis hors de France","louis-duvernois","http://www.senat.fr/senateur/duvernois_louis01041n.html"
"EBLÉ","Vincent","SOC","Parti socialiste","H","Seine-et-Marne","vincent-eble","http://www.senat.fr/senateur/eble_vincent11074q.html"
"EMERY-DUMAS","Anne","SOC","Parti socialiste","F","Nièvre","anne-emery-dumas","http://www.senat.fr/senateur/emery_dumas_anne12042y.html"
"EMORINE","Jean-Paul","UMP","Union pour un Mouvement Populaire","H","Saône-et-Loire","jean-paul-emorine","http://www.senat.fr/senateur/emorine_jean_paul95030b.html"
"ESNOL","Philippe","RDSE","Parti radical de gauche","H","Yvelines","philippe-esnol","http://www.senat.fr/senateur/esnol_philippe11096w.html"
"ESPAGNAC","Frédérique","SOC","Parti socialiste","F","Pyrénées-Atlantiques","frederique-espagnac","http://www.senat.fr/senateur/espagnac_frederique11110b.html"
"FALCO","Hubert","UMP","Union pour un Mouvement Populaire","H","Var","hubert-falco","http://www.senat.fr/senateur/falco_hubert95031c.html"
"FARREYROL","Jacqueline","UMP","Union pour un Mouvement Populaire","F","Réunion","jacqueline-farreyrol","http://www.senat.fr/senateur/farreyrol_jacqueline11022c.html"
"FAUCONNIER","Alain","SOC","Parti socialiste","H","Aveyron","alain-fauconnier","http://www.senat.fr/senateur/fauconnier_alain08066d.html"
"FAVIER","Christian","CRC","Parti communiste Français","H","Val-de-Marne","christian-favier","http://www.senat.fr/senateur/favier_christian11034g.html"
"FÉRAT","Françoise","UDI-UC","Union des radicaux, centristes, indépendants et démocrates","F","Marne","francoise-ferat","http://www.senat.fr/senateur/ferat_francoise01025n.html"
"FERRAND","André","UMP","Union pour un Mouvement Populaire","H","Français établis hors de France","andre-ferrand","http://www.senat.fr/senateur/ferrand_andre98019u.html"
"FICHET","Jean-Luc","SOC","Parti socialiste","H","Finistère","jean-luc-fichet","http://www.senat.fr/senateur/fichet_jean_luc08045x.html"
"FILLEUL","Jean-Jacques","SOC","Parti socialiste","H","Indre-et-Loire","jean-jacques-filleul","http://www.senat.fr/senateur/filleul_jean_jacques11107g.html"
"FISCHER","Guy","CRC","Parti communiste Français","H","Rhône","guy-fischer","http://www.senat.fr/senateur/fischer_guy95032d.html"
"FLEMING","Louis-Constant","UMP","Union pour un Mouvement Populaire","H","Saint-Martin","louis-constant-fleming","http://www.senat.fr/senateur/fleming_louis_constant08023r.html"
"FLOSSE","Gaston","NI","Tahoeraa Huiraatira","H","Polynésie-française","gaston-flosse","http://www.senat.fr/senateur/flosse_gaston98052v.html"
"FONTAINE","Michel","UMP","Union pour un Mouvement Populaire","H","Réunion","michel-fontaine","http://www.senat.fr/senateur/fontaine_michel11020a.html"
"FORTASSIN","François","RDSE","Parti radical de gauche","H","Hautes-Pyrénées","francois-fortassin","http://www.senat.fr/senateur/fortassin_francois01003g.html"
"FOUCAUD","Thierry","CRC","Parti communiste Français","H","Seine-Maritime","thierry-foucaud","http://www.senat.fr/senateur/foucaud_thierry98053w.html"
"FOUCHÉ","Alain","UMP","Union pour un Mouvement Populaire","H","Vienne","alain-fouche","http://www.senat.fr/senateur/fouche_alain02002k.html"
"FOURNIER","Bernard","UMP","Union pour un Mouvement Populaire","H","Loire","bernard-fournier","http://www.senat.fr/senateur/fournier_bernard97011g.html"
"FOURNIER","Jean-Paul","UMP","Union pour un Mouvement Populaire","H","Gard","jean-paul-fournier","http://www.senat.fr/senateur/fournier_jean_paul08065c.html"
"FRASSA","Christophe-André","UMP","Union pour un Mouvement Populaire","H","Français établis hors de France","christophe-andre-frassa","http://www.senat.fr/senateur/frassa_christophe_andre08018u.html"
"FRÉCON","Jean-Claude","SOC","Parti socialiste","H","Loire","jean-claude-frecon","http://www.senat.fr/senateur/frecon_jean_claude01037s.html"
"FROGIER","Pierre","UMP","Rassemblement UMP (Rassemblement pour la Calédonie dans la République)","H","Nouvelle-Calédonie","pierre-frogier","http://www.senat.fr/senateur/frogier_pierre11010l.html"
"GAILLARD","Yann","UMP","Union pour un Mouvement Populaire","H","Aube","yann-gaillard","http://www.senat.fr/senateur/gaillard_yann94003t.html"
"GAOUYER","Marie-Françoise","SOC","Parti socialiste","F","Seine-Maritime","marie-francoise-gaouyer","http://www.senat.fr/senateur/gaouyer_marie_francoise13005x.html"
"GARREC","René","UMP","Union pour un Mouvement Populaire","H","Calvados","rene-garrec","http://www.senat.fr/senateur/garrec_rene98041s.html"
"GARRIAUD-MAYLAM","Joëlle","UMP","Union pour un Mouvement Populaire","F","Français établis hors de France","joelle-garriaud-maylam","http://www.senat.fr/senateur/garriaud_maylam_joelle04035d.html"
"GATTOLIN","André","ECOLO","Europe Écologie Les Verts","H","Hauts-de-Seine","andre-gattolin","http://www.senat.fr/senateur/gattolin_andre11083r.html"
"GAUDIN","Jean-Claude","UMP","Union pour un Mouvement Populaire","H","Bouches-du-Rhône","jean-claude-gaudin","http://www.senat.fr/senateur/gaudin_jean_claude89029v.html"
"GAUTIER","Jacques","UMP","Union pour un Mouvement Populaire","H","Hauts-de-Seine","jacques-gautier","http://www.senat.fr/senateur/gautier_jacques07024n.html"
"GÉLARD","Patrice","UMP","Union pour un Mouvement Populaire","H","Seine-Maritime","patrice-gelard","http://www.senat.fr/senateur/gelard_patrice95034f.html"
"GÉNISSON","Catherine","SOC","Parti socialiste","F","Pas-de-Calais","catherine-genisson","http://www.senat.fr/senateur/genisson_catherine11061k.html"
"GERMAIN","Jean","SOC","Parti socialiste","H","Indre-et-Loire","jean-germain","http://www.senat.fr/senateur/germain_jean11108h.html"
"GHALI","Samia","SOC","Parti socialiste","F","Bouches-du-Rhône","samia-ghali","http://www.senat.fr/senateur/ghali_samia08035v.html"
"GILLES","Bruno","UMP","Union pour un Mouvement Populaire","H","Bouches-du-Rhône","bruno-gilles","http://www.senat.fr/senateur/gilles_bruno08048b.html"
"GILLOT","Jacques","SOC","Guadeloupe Unie Socialisme et Réalité","H","Guadeloupe","jacques-gillot","http://www.senat.fr/senateur/gillot_jacques04095r.html"
"GILLOT","Dominique","SOC","Parti socialiste","F","Val-d'Oise","dominique-gillot","http://www.senat.fr/senateur/gillot_dominique11089x.html"
"GIUDICELLI","Colette","UMP","Union pour un Mouvement Populaire","F","Alpes-Maritimes","colette-giudicelli","http://www.senat.fr/senateur/giudicelli_colette08041t.html"
"GODEFROY","Jean-Pierre","SOC","Parti socialiste","H","Manche","jean-pierre-godefroy","http://www.senat.fr/senateur/godefroy_jean_pierre01011g.html"
"GONTHIER-MAURIN","Brigitte","CRC","Parti communiste Français","F","Hauts-de-Seine","brigitte-gonthier-maurin","http://www.senat.fr/senateur/gonthier_maurin_brigitte07026q.html"
"GORCE","Gaëtan","SOC","Parti socialiste","H","Nièvre","gaetan-gorce","http://www.senat.fr/senateur/gorce_gaetan11015d.html"
"GOULET","Nathalie","UDI-UC","Le Centre pour la France","F","Orne","nathalie-goulet","http://www.senat.fr/senateur/goulet_nathalie07004j.html"
"GOURAULT","Jacqueline","UDI-UC","Le Centre pour la France","F","Loir-et-Cher","jacqueline-gourault","http://www.senat.fr/senateur/gourault_jacqueline01007l.html"
"GOURNAC","Alain","UMP","Union pour un Mouvement Populaire","H","Yvelines","alain-gournac","http://www.senat.fr/senateur/gournac_alain95035g.html"
"GOY-CHAVENT","Sylvie","UDI-UC","Union des radicaux, centristes, indépendants et démocrates","F","Ain","sylvie-goy-chavent","http://www.senat.fr/senateur/goy_chavent_sylvie08056b.html"
"GRIGNON","Francis","UMP","Union pour un Mouvement Populaire","H","Bas-Rhin","francis-grignon","http://www.senat.fr/senateur/grignon_francis95036h.html"
"GROSDIDIER","François","UMP","Union pour un Mouvement Populaire","H","Moselle","francois-grosdidier","http://www.senat.fr/senateur/grosdidier_francois11049p.html"
"GUENÉ","Charles","UMP","Union pour un Mouvement Populaire","H","Haute-Marne","charles-guene","http://www.senat.fr/senateur/guene_charles01057w.html"
"GUÉRINI","Jean-Noël","SOC","Parti socialiste","H","Bouches-du-Rhône","jean-noel-guerini","http://www.senat.fr/senateur/guerini_jean_noel98022p.html"
"GUERRIAU","Joël","UDI-UC","Association PSLE Nouveau Centre","H","Loire-Atlantique","joel-guerriau","http://www.senat.fr/senateur/guerriau_joel11064n.html"
"GUILLAUME","Didier","SOC","Parti socialiste","H","Drôme","didier-guillaume","http://www.senat.fr/senateur/guillaume_didier08016s.html"
"HAUT","Claude","SOC","Parti socialiste","H","Vaucluse","claude-haut","http://www.senat.fr/senateur/haut_claude95037j.html"
"HÉRISSON","Pierre","UMP","Union pour un Mouvement Populaire","H","Haute-Savoie","pierre-herisson","http://www.senat.fr/senateur/herisson_pierre95038k.html"
"HERVÉ","Edmond","SOC","Parti socialiste","H","Ille-et-Vilaine","edmond-herve","http://www.senat.fr/senateur/herve_edmond08027v.html"
"HERVIAUX","Odette","SOC","Parti socialiste","F","Morbihan","odette-herviaux","http://www.senat.fr/senateur/herviaux_odette01022k.html"
"HOUEL","Michel","UMP","Union pour un Mouvement Populaire","H","Seine-et-Marne","michel-houel","http://www.senat.fr/senateur/houel_michel04048j.html"
"HOUPERT","Alain","UMP","Union pour un Mouvement Populaire","H","Côte-d'Or","alain-houpert","http://www.senat.fr/senateur/houpert_alain08069g.html"
"HUE","Robert","RDSE","Parti radical de gauche","H","Val-d'Oise","robert-hue","http://www.senat.fr/senateur/hue_robert04078q.html"
"HUMBERT","Jean-François","UMP","Non rattaché","H","Doubs","jean-francois-humbert","http://www.senat.fr/senateur/humbert_jean_francois98028v.html"
"HUMMEL","Christiane","UMP","Union pour un Mouvement Populaire","F","Var","christiane-hummel","http://www.senat.fr/senateur/hummel_christiane04041b.html"
"HURÉ","Benoît","UMP","Union pour un Mouvement Populaire","H","Ardennes","benoit-hure","http://www.senat.fr/senateur/hure_benoit04097t.html"
"HUSSON","Jean-François","UMP","Union pour un Mouvement Populaire","H","Meurthe-et-Moselle","jean-francois-husson","http://www.senat.fr/senateur/husson_jean_francois11048n.html"
"HYEST","Jean-Jacques","UMP","Union pour un Mouvement Populaire","H","Seine-et-Marne","jean-jacques-hyest","http://www.senat.fr/senateur/hyest_jean_jacques95039l.html"
"JARLIER","Pierre","UDI-UC","Le Centre pour la France","H","Cantal","pierre-jarlier","http://www.senat.fr/senateur/jarlier_pierre98027u.html"
"JEANNEROT","Claude","SOC","Parti socialiste","H","Doubs","claude-jeannerot","http://www.senat.fr/senateur/jeannerot_claude08067e.html"
"JOISSAINS","Sophie","UMP","Union des radicaux, centristes, indépendants et démocrates","F","Bouches-du-Rhône","sophie-joissains","http://www.senat.fr/senateur/joissains_sophie08044w.html"
"JOUANNO","Chantal","UDI-UC","Union des radicaux, centristes, indépendants et démocrates","F","Paris","chantal-jouanno","http://www.senat.fr/senateur/jouanno_chantal09001p.html"
"KALTENBACH","Philippe","SOC","Parti socialiste","H","Hauts-de-Seine","philippe-kaltenbach","http://www.senat.fr/senateur/kaltenbach_philippe11084s.html"
"KAMMERMANN","Christiane","UMP","Union pour un Mouvement Populaire","F","Français établis hors de France","christiane-kammermann","http://www.senat.fr/senateur/kammermann_christiane04036e.html"
"KAROUTCHI","Roger","UMP","Union pour un Mouvement Populaire","H","Hauts-de-Seine","roger-karoutchi","http://www.senat.fr/senateur/karoutchi_roger99004r.html"
"KELLER","Fabienne","UMP","Union pour un Mouvement Populaire","F","Bas-Rhin","fabienne-keller","http://www.senat.fr/senateur/keller_fabienne04061f.html"
"KERDRAON","Ronan","SOC","Parti socialiste","H","Côtes-d'Armor","ronan-kerdraon","http://www.senat.fr/senateur/kerdraon_ronan10003h.html"
"KHIARI","Bariza","SOC","Parti socialiste","F","Paris","bariza-khiari","http://www.senat.fr/senateur/khiari_bariza04077p.html"
"KLÈS","Virginie","SOC","Parti socialiste","F","Ille-et-Vilaine","virginie-kles","http://www.senat.fr/senateur/kles_virginie08032s.html"
"KRATTINGER","Yves","SOC","Parti socialiste","H","Haute-Saône","yves-krattinger","http://www.senat.fr/senateur/krattinger_yves03001n.html"
"LABAZÉE","Georges","SOC","Parti socialiste","H","Pyrénées-Atlantiques","georges-labazee","http://www.senat.fr/senateur/labazee_georges11112d.html"
"LABBÉ","Joël","ECOLO","Europe Écologie Les Verts","H","Morbihan","joel-labbe","http://www.senat.fr/senateur/labbe_joel11099a.html"
"LABORDE","Françoise","RDSE","Parti radical de gauche","F","Haute-Garonne","francoise-laborde","http://www.senat.fr/senateur/laborde_francoise08031r.html"
"LAMÉNIE","Marc","UMP","Union pour un Mouvement Populaire","H","Ardennes","marc-lamenie","http://www.senat.fr/senateur/lamenie_marc07029t.html"
"LAMURE","Élisabeth","UMP","Union pour un Mouvement Populaire","F","Rhône","elisabeth-lamure","http://www.senat.fr/senateur/lamure_elisabeth04049k.html"
"LARCHER","Serge","SOC","Parti progressiste Martiniquais","H","Martinique","serge-larcher","http://www.senat.fr/senateur/larcher_serge04094q.html"
"LARCHER","Gérard","UMP","Union pour un Mouvement Populaire","H","Yvelines","gerard-larcher","http://www.senat.fr/senateur/larcher_gerard86034e.html"
"LASSERRE","Jean-Jacques","UDI-UC","Le Centre pour la France","H","Pyrénées-Atlantiques","jean-jacques-lasserre","http://www.senat.fr/senateur/lasserre_jean_jacques11111c.html"
"LAUFOAULU","Robert","UMP","Rassemblement UMP (Rassemblement pour la Calédonie dans la République)","H","Wallis-et-Futuna","robert-laufoaulu","http://www.senat.fr/senateur/laufoaulu_robert98005n.html"
"LAURENT","Pierre","CRC","Parti communiste Français","H","Paris","pierre-laurent","http://www.senat.fr/senateur/laurent_pierre12041x.html"
"LAURENT","Daniel","UMP","Union pour un Mouvement Populaire","H","Charente-Maritime","daniel-laurent","http://www.senat.fr/senateur/laurent_daniel08015r.html"
"LAURENT-PERRIGOT","Françoise","SOC","Parti socialiste","F","Gard","francoise-laurent-perrigot","http://www.senat.fr/senateur/laurent_perrigot_francoise08063a.html"
"LE CAM","Gérard","CRC","Parti communiste Français","H","Côtes-d'Armor","gerard-le-cam","http://www.senat.fr/senateur/le_cam_gerard98038x.html"
"LE MENN","Jacky","SOC","Parti socialiste","H","Ille-et-Vilaine","jacky-le-menn","http://www.senat.fr/senateur/le_menn_jacky08037x.html"
"LE SCOUARNEC","Michel","CRC","Parti communiste Français","H","Morbihan","michel-le-scouarnec","http://www.senat.fr/senateur/le_scouarnec_michel11098y.html"
"LECERF","Jean-René","UMP","Union pour un Mouvement Populaire","H","Nord","jean-rene-lecerf","http://www.senat.fr/senateur/lecerf_jean_rene01042p.html"
"LECONTE","Jean-Yves","SOC","Parti socialiste","H","Français établis hors de France","jean-yves-leconte","http://www.senat.fr/senateur/leconte_jean_yves11026g.html"
"LEFÈVRE","Antoine","UMP","Union pour un Mouvement Populaire","H","Aisne","antoine-lefevre","http://www.senat.fr/senateur/lefevre_antoine08010l.html"
"LEGENDRE","Jacques","UMP","Union pour un Mouvement Populaire","H","Nord","jacques-legendre","http://www.senat.fr/senateur/legendre_jacques92031p.html"
"de LEGGE","Dominique","UMP","Union pour un Mouvement Populaire","H","Ille-et-Vilaine","dominique-de-legge","http://www.senat.fr/senateur/de_legge_dominique08034u.html"
"LELEUX","Jean-Pierre","UMP","Union pour un Mouvement Populaire","H","Alpes-Maritimes","jean-pierre-leleux","http://www.senat.fr/senateur/leleux_jean_pierre08039a.html"
"LENOIR","Jean-Claude","UMP","Union pour un Mouvement Populaire","H","Orne","jean-claude-lenoir","http://www.senat.fr/senateur/lenoir_jean_claude11100y.html"
"LEPAGE","Claudine","SOC","Parti socialiste","F","Français établis hors de France","claudine-lepage","http://www.senat.fr/senateur/lepage_claudine08017t.html"
"LEROY","Jean-Claude","SOC","Parti socialiste","H","Pas-de-Calais","jean-claude-leroy","http://www.senat.fr/senateur/leroy_jean_claude11059r.html"
"LEROY","Philippe","UMP","Union pour un Mouvement Populaire","H","Moselle","philippe-leroy","http://www.senat.fr/senateur/leroy_philippe01061s.html"
"LÉTARD","Valérie","UDI-UC","Union des radicaux, centristes, indépendants et démocrates","F","Nord","valerie-letard","http://www.senat.fr/senateur/letard_valerie01043q.html"
"LIENEMANN","Marie-Noëlle","SOC","Parti socialiste","F","Paris","marie-noelle-lienemann","http://www.senat.fr/senateur/lienemann_marie_noelle11077t.html"
"LIPIETZ","Hélène","ECOLO","Europe Écologie Les Verts","F","Seine-et-Marne","helene-lipietz","http://www.senat.fr/senateur/lipietz_helene12035a.html"
"LONGUET","Gérard","UMP","Union pour un Mouvement Populaire","H","Meuse","gerard-longuet","http://www.senat.fr/senateur/longuet_gerard01048v.html"
"LORGEOUX","Jeanny","SOC","Parti socialiste","H","Loir-et-Cher","jeanny-lorgeoux","http://www.senat.fr/senateur/lorgeoux_jeanny11106f.html"
"LOZACH","Jean-Jacques","SOC","Parti socialiste","H","Creuse","jean-jacques-lozach","http://www.senat.fr/senateur/lozach_jean_jacques08012n.html"
"du LUART","Roland","UMP","Union pour un Mouvement Populaire","H","Sarthe","roland-du-luart","http://www.senat.fr/senateur/du_luart_roland77043e.html"
"MADEC","Roger","SOC","Parti socialiste","H","Paris","roger-madec","http://www.senat.fr/senateur/madec_roger04079r.html"
"MADRELLE","Philippe","SOC","Parti socialiste","H","Gironde","philippe-madrelle","http://www.senat.fr/senateur/madrelle_philippe80027e.html"
"MAGNER","Jacques-Bernard","SOC","Parti socialiste","H","Puy-de-Dôme","jacques-bernard-magner","http://www.senat.fr/senateur/magner_jacques_bernard11104d.html"
"MAGRAS","Michel","UMP","Union pour un Mouvement Populaire","H","Saint-Barthélemy","michel-magras","http://www.senat.fr/senateur/magras_michel08019v.html"
"MARC","François","SOC","Parti socialiste","H","Finistère","francois-marc","http://www.senat.fr/senateur/marc_francois98046x.html"
"MARINI","Philippe","UMP","Union pour un Mouvement Populaire","H","Oise","philippe-marini","http://www.senat.fr/senateur/marini_philippe92035t.html"
"MARSEILLE","Hervé","UDI-UC","Union des radicaux, centristes, indépendants et démocrates","H","Hauts-de-Seine","herve-marseille","http://www.senat.fr/senateur/marseille_herve11085t.html"
"MARTIN","Pierre","UMP","Union pour un Mouvement Populaire","H","Somme","pierre-martin","http://www.senat.fr/senateur/martin_pierre95047l.html"
"MASSION","Marc","SOC","Parti socialiste","H","Seine-Maritime","marc-massion","http://www.senat.fr/senateur/massion_marc95003x.html"
"MASSON","Jean Louis","NI","Debout la République","H","Moselle","jean-louis-masson","http://www.senat.fr/senateur/masson_jean_louis01060r.html"
"MASSON-MARET","Hélène","UMP","Union pour un Mouvement Populaire","F","Alpes-Maritimes","helene-masson-maret","http://www.senat.fr/senateur/masson_maret_helene13001t.html"
"MAUREY","Hervé","UDI-UC","Association PSLE Nouveau Centre","H","Eure","herve-maurey","http://www.senat.fr/senateur/maurey_herve08009t.html"
"MAYET","Jean-François","UMP","Union pour un Mouvement Populaire","H","Indre","jean-francois-mayet","http://www.senat.fr/senateur/mayet_jean_francois08062y.html"
"MAZARS","Stéphane","RDSE","Parti radical de gauche","H","Aveyron","stephane-mazars","http://www.senat.fr/senateur/mazars_stephane12039e.html"
"MAZUIR","Rachel","SOC","Parti socialiste","H","Ain","rachel-mazuir","http://www.senat.fr/senateur/mazuir_rachel08053x.html"
"MÉLOT","Colette","UMP","Union pour un Mouvement Populaire","F","Seine-et-Marne","colette-melot","http://www.senat.fr/senateur/melot_colette04057k.html"
"MERCERON","Jean-Claude","UDI-UC","Union des radicaux, centristes, indépendants et démocrates","H","Vendée","jean-claude-merceron","http://www.senat.fr/senateur/merceron_jean_claude04083m.html"
"MERCIER","Michel","UDI-UC","Union des radicaux, centristes, indépendants et démocrates","H","Rhône","michel-mercier","http://www.senat.fr/senateur/mercier_michel95049n.html"
"MEUNIER","Michelle","SOC","Parti socialiste","F","Loire-Atlantique","michelle-meunier","http://www.senat.fr/senateur/meunier_michelle11067r.html"
"MÉZARD","Jacques","RDSE","Parti radical de gauche","H","Cantal","jacques-mezard","http://www.senat.fr/senateur/mezard_jacques08051v.html"
"MICHEL","Jean-Pierre","SOC","Parti socialiste","H","Haute-Saône","jean-pierre-michel","http://www.senat.fr/senateur/michel_jean_pierre04084n.html"
"MICHEL","Danielle","SOC","Parti socialiste","F","Landes","danielle-michel","http://www.senat.fr/senateur/michel_danielle11014c.html"
"MILON","Alain","UMP","Union pour un Mouvement Populaire","H","Vaucluse","alain-milon","http://www.senat.fr/senateur/milon_alain04092n.html"
"MIQUEL","Gérard","SOC","Parti socialiste","H","Lot","gerard-miquel","http://www.senat.fr/senateur/miquel_gerard92039x.html"
"MIRASSOU","Jean-Jacques","SOC","Parti socialiste","H","Haute-Garonne","jean-jacques-mirassou","http://www.senat.fr/senateur/mirassou_jean_jacques08033t.html"
"MOHAMED SOILIHI","Thani","SOC","Parti socialiste","H","Mayotte","thani-mohamed-soilihi","http://www.senat.fr/senateur/mohamed_soilihi_thani11072n.html"
"de MONTESQUIOU","Aymeri","UDI-UC","Union des radicaux, centristes, indépendants et démocrates","H","Gers","aymeri-de-montesquiou","http://www.senat.fr/senateur/de_montesquiou_aymeri98032r.html"
"de MONTGOLFIER","Albéric","UMP","Union pour un Mouvement Populaire","H","Eure-et-Loir","alberic-de-montgolfier","http://www.senat.fr/senateur/de_montgolfier_alberic08011m.html"
"MORIN-DESAILLY","Catherine","UDI-UC","Association PSLE Nouveau Centre","F","Seine-Maritime","catherine-morin-desailly","http://www.senat.fr/senateur/morin_desailly_catherine04070g.html"
"NACHBAR","Philippe","UMP","Union pour un Mouvement Populaire","H","Meurthe-et-Moselle","philippe-nachbar","http://www.senat.fr/senateur/nachbar_philippe92040q.html"
"NAMY","Christian","UDI-UC","Le Centre pour la France","H","Meuse","christian-namy","http://www.senat.fr/senateur/namy_christian11082q.html"
"NAVARRO","Robert","SOC","Parti socialiste","H","Hérault","robert-navarro","http://www.senat.fr/senateur/navarro_robert08021p.html"
"NÈGRE","Louis","UMP","Union pour un Mouvement Populaire","H","Alpes-Maritimes","louis-negre","http://www.senat.fr/senateur/negre_louis08042u.html"
"NÉRI","Alain","SOC","Parti socialiste","H","Puy-de-Dôme","alain-neri","http://www.senat.fr/senateur/neri_alain11105e.html"
"NICOUX","Renée","SOC","Parti socialiste","F","Creuse","renee-nicoux","http://www.senat.fr/senateur/nicoux_renee09012s.html"
"PASQUET","Isabelle","CRC","Parti communiste Français","F","Bouches-du-Rhône","isabelle-pasquet","http://www.senat.fr/senateur/pasquet_isabelle08026u.html"
"PASTOR","Jean-Marc","SOC","Parti socialiste","H","Tarn","jean-marc-pastor","http://www.senat.fr/senateur/pastor_jean_marc95052h.html"
"PATIENT","Georges","SOC","Parti socialiste","H","Guyane","georges-patient","http://www.senat.fr/senateur/patient_georges08073c.html"
"PATRIAT","François","SOC","Parti socialiste","H","Côte-d'Or","francois-patriat","http://www.senat.fr/senateur/patriat_francois08061x.html"
"PAUL","Philippe","UMP","Union pour un Mouvement Populaire","H","Finistère","philippe-paul","http://www.senat.fr/senateur/paul_philippe08047a.html"
"PERCHERON","Daniel","SOC","Parti socialiste","H","Pas-de-Calais","daniel-percheron","http://www.senat.fr/senateur/percheron_daniel83047w.html"
"PEYRONNET","Jean-Claude","SOC","Parti socialiste","H","Haute-Vienne","jean-claude-peyronnet","http://www.senat.fr/senateur/peyronnet_jean_claude95055l.html"
"PIERRE","Jackie","UMP","Union pour un Mouvement Populaire","H","Vosges","jackie-pierre","http://www.senat.fr/senateur/pierre_jackie04088s.html"
"PILLET","François","UMP","Union pour un Mouvement Populaire","H","Cher","francois-pillet","http://www.senat.fr/senateur/pillet_francois07034q.html"
"PINTAT","Xavier","UMP","Union pour un Mouvement Populaire","H","Gironde","xavier-pintat","http://www.senat.fr/senateur/pintat_xavier98021n.html"
"PINTON","Louis","UMP","Union pour un Mouvement Populaire","H","Indre","louis-pinton","http://www.senat.fr/senateur/pinton_louis07032n.html"
"PIRAS","Bernard","SOC","Parti socialiste","H","Drôme","bernard-piras","http://www.senat.fr/senateur/piras_bernard96006f.html"
"PLACÉ","Jean-Vincent","ECOLO","Europe Écologie Les Verts","H","Essonne","jean-vincent-place","http://www.senat.fr/senateur/place_jean_vincent11069t.html"
"PLANCADE","Jean-Pierre","RDSE","Parti radical de gauche","H","Haute-Garonne","jean-pierre-plancade","http://www.senat.fr/senateur/plancade_jean_pierre98010k.html"
"POHER","Hervé","SOC","Parti socialiste","H","Pas-de-Calais","herve-poher","http://www.senat.fr/senateur/poher_herve13002u.html"
"POINTEREAU","Rémy","UMP","Union pour un Mouvement Populaire","H","Cher","remy-pointereau","http://www.senat.fr/senateur/pointereau_remy05012a.html"
"PONCELET","Christian","UMP","Union pour un Mouvement Populaire","H","Vosges","christian-poncelet","http://www.senat.fr/senateur/poncelet_christian77058m.html"
"PONIATOWSKI","Ladislas","UMP","Union pour un Mouvement Populaire","H","Eure","ladislas-poniatowski","http://www.senat.fr/senateur/poniatowski_ladislas98050t.html"
"PORTELLI","Hugues","UMP","Union pour un Mouvement Populaire","H","Val-d'Oise","hugues-portelli","http://www.senat.fr/senateur/portelli_hugues04074l.html"
"POVINELLI","Roland","SOC","Parti socialiste","H","Bouches-du-Rhône","roland-povinelli","http://www.senat.fr/senateur/povinelli_roland08029x.html"
"POZZO di BORGO","Yves","UDI-UC","Le Centre pour la France","H","Paris","yves-pozzo-di-borgo","http://www.senat.fr/senateur/pozzo_di_borgo_yves04080j.html"
"PRIMAS","Sophie","UMP","Union pour un Mouvement Populaire","F","Yvelines","sophie-primas","http://www.senat.fr/senateur/primas_sophie11090q.html"
"PRINTZ","Gisèle","SOC","Parti socialiste","F","Moselle","gisele-printz","http://www.senat.fr/senateur/printz_gisele96007g.html"
"PROCACCIA","Catherine","UMP","Union pour un Mouvement Populaire","F","Val-de-Marne","catherine-procaccia","http://www.senat.fr/senateur/procaccia_catherine04043d.html"
"RAFFARIN","Jean-Pierre","UMP","Union pour un Mouvement Populaire","H","Vienne","jean-pierre-raffarin","http://www.senat.fr/senateur/raffarin_jean_pierre95059q.html"
"RAINAUD","Marcel","SOC","Parti socialiste","H","Aude","marcel-rainaud","http://www.senat.fr/senateur/rainaud_marcel06005f.html"
"de RAINCOURT","Henri","UMP","Union pour un Mouvement Populaire","H","Yonne","henri-de-raincourt","http://www.senat.fr/senateur/de_raincourt_henri86044g.html"
"RAOUL","Daniel","SOC","Parti socialiste","H","Maine-et-Loire","daniel-raoul","http://www.senat.fr/senateur/raoul_daniel01016m.html"
"REBSAMEN","François","SOC","Parti socialiste","H","Côte-d'Or","francois-rebsamen","http://www.senat.fr/senateur/rebsamen_francois08070y.html"
"REICHARDT","André","UMP","Union pour un Mouvement Populaire","H","Bas-Rhin","andre-reichardt","http://www.senat.fr/senateur/reichardt_andre10015m.html"
"REINER","Daniel","SOC","Parti socialiste","H","Meurthe-et-Moselle","daniel-reiner","http://www.senat.fr/senateur/reiner_daniel01014k.html"
"REQUIER","Jean-Claude","RDSE","Parti radical de gauche","H","Lot","jean-claude-requier","http://www.senat.fr/senateur/requier_jean_claude11012a.html"
"RETAILLEAU","Bruno","UMP","Union pour un Mouvement Populaire","H","Vendée","bruno-retailleau","http://www.senat.fr/senateur/retailleau_bruno04033b.html"
"REVET","Charles","UMP","Union pour un Mouvement Populaire","H","Seine-Maritime","charles-revet","http://www.senat.fr/senateur/revet_charles95062k.html"
"RICHARD","Alain","SOC","Parti socialiste","H","Val-d'Oise","alain-richard","http://www.senat.fr/senateur/richard_alain95063l.html"
"RIES","Roland","SOC","Parti socialiste","H","Bas-Rhin","roland-ries","http://www.senat.fr/senateur/ries_roland04065k.html"
"ROCHE","Gérard","UDI-UC","Union des radicaux, centristes, indépendants et démocrates","H","Haute-Loire","gerard-roche","http://www.senat.fr/senateur/roche_gerard11093t.html"
"ROGER","Gilbert","SOC","Parti socialiste","H","Seine-Saint-Denis","gilbert-roger","http://www.senat.fr/senateur/roger_gilbert11054l.html"
"ROME","Yves","SOC","Parti socialiste","H","Oise","yves-rome","http://www.senat.fr/senateur/rome_yves11046l.html"
"ROSSIGNOL","Laurence","SOC","Parti socialiste","F","Oise","laurence-rossignol","http://www.senat.fr/senateur/rossignol_laurence11045k.html"
"SAUGEY","Bernard","UMP","Union pour un Mouvement Populaire","H","Isère","bernard-saugey","http://www.senat.fr/senateur/saugey_bernard01019q.html"
"SAVARY","René-Paul","UMP","Union pour un Mouvement Populaire","H","Marne","rene-paul-savary","http://www.senat.fr/senateur/savary_rene_paul11097x.html"
"SAVIN","Michel","UMP","Union pour un Mouvement Populaire","H","Isère","michel-savin","http://www.senat.fr/senateur/savin_michel11043h.html"
"SCHILLINGER","Patricia","SOC","Parti socialiste","F","Haut-Rhin","patricia-schillinger","http://www.senat.fr/senateur/schillinger_patricia04045f.html"
"SCHURCH","Mireille","CRC","Parti communiste Français","F","Allier","mireille-schurch","http://www.senat.fr/senateur/schurch_mireille08054y.html"
"SIDO","Bruno","UMP","Union pour un Mouvement Populaire","H","Haute-Marne","bruno-sido","http://www.senat.fr/senateur/sido_bruno01058x.html"
"SITTLER","Esther","UMP","Union pour un Mouvement Populaire","F","Bas-Rhin","esther-sittler","http://www.senat.fr/senateur/sittler_esther04069p.html"
"SOILIHI","Abdourahamane","UMP","Union pour un Mouvement Populaire","H","Mayotte","abdourahamane-soilihi","http://www.senat.fr/senateur/soilihi_abdourahamane11071m.html"
"SUEUR","Jean-Pierre","SOC","Parti socialiste","H","Loiret","jean-pierre-sueur","http://www.senat.fr/senateur/sueur_jean_pierre01028r.html"
"SUTOUR","Simon","SOC","Parti socialiste","H","Gard","simon-sutour","http://www.senat.fr/senateur/sutour_simon98035u.html"
"TANDONNET","Henri","UDI-UC","Union des radicaux, centristes, indépendants et démocrates","H","Lot-et-Garonne","henri-tandonnet","http://www.senat.fr/senateur/tandonnet_henri11094u.html"
"TASCA","Catherine","SOC","Parti socialiste","F","Yvelines","catherine-tasca","http://www.senat.fr/senateur/tasca_catherine04056j.html"
"TESTON","Michel","SOC","Parti socialiste","H","Ardèche","michel-teston","http://www.senat.fr/senateur/teston_michel98037w.html"
"TEULADE","René","SOC","Parti socialiste","H","Corrèze","rene-teulade","http://www.senat.fr/senateur/teulade_rene08046y.html"
"TODESCHINI","Jean-Marc","SOC","Parti socialiste","H","Moselle","jean-marc-todeschini","http://www.senat.fr/senateur/todeschini_jean_marc01062t.html"
"TRILLARD","André","UMP","Union pour un Mouvement Populaire","H","Loire-Atlantique","andre-trillard","http://www.senat.fr/senateur/trillard_andre01056v.html"
"TROENDLE","Catherine","UMP","Union pour un Mouvement Populaire","F","Haut-Rhin","catherine-troendle","http://www.senat.fr/senateur/troendle_catherine04044e.html"
"TROPEANO","Robert","RDSE","Parti radical de gauche","H","Hérault","robert-tropeano","http://www.senat.fr/senateur/tropeano_robert06004e.html"
"TRUCY","François","UMP","Union pour un Mouvement Populaire","H","Var","francois-trucy","http://www.senat.fr/senateur/trucy_francois86049m.html"
"TUHEIAVA","Richard","SOC","Front de libération de la Polynésie - Tavini Huiraatira no te ao ma'ohi","H","Polynésie-française","richard-tuheiava","http://www.senat.fr/senateur/tuheiava_richard08071a.html"
"TÜRK","Alex","NI","Debout la République","H","Nord","alex-turk","http://www.senat.fr/senateur/turk_alex92044u.html"
"VAIRETTO","André","SOC","Parti socialiste","H","Savoie","andre-vairetto","http://www.senat.fr/senateur/vairetto_andre12038d.html"
"VALL","Raymond","RDSE","Parti radical de gauche","H","Gers","raymond-vall","http://www.senat.fr/senateur/vall_raymond08049c.html"
"VALLINI","André","SOC","Parti socialiste","H","Isère","andre-vallini","http://www.senat.fr/senateur/vallini_andre11041f.html"
"VANDIERENDONCK","René","SOC","Parti socialiste","H","Nord","rene-vandierendonck","http://www.senat.fr/senateur/vandierendonck_rene11037k.html"
"VANLERENBERGHE","Jean-Marie","UDI-UC","Le Centre pour la France","H","Pas-de-Calais","jean-marie-vanlerenberghe","http://www.senat.fr/senateur/vanlerenberghe_jean_marie01034p.html"
"VAUGRENARD","Yannick","SOC","Parti socialiste","H","Loire-Atlantique","yannick-vaugrenard","http://www.senat.fr/senateur/vaugrenard_yannick11066q.html"
"VENDASI","François","RDSE","Parti radical de gauche","H","Haute-Corse","francois-vendasi","http://www.senat.fr/senateur/vendasi_francois05011y.html"
"VENDEGOU","Hilarion","UMP","Rassemblement UMP (Rassemblement pour la Calédonie dans la République)","H","Nouvelle-Calédonie","hilarion-vendegou","http://www.senat.fr/senateur/vendegou_hilarion11011m.html"
"VERGÈS","Paul","CRC","Parti communiste Réunionnais","H","Réunion","paul-verges","http://www.senat.fr/senateur/verges_paul96003c.html"
"VERGOZ","Michel","SOC","Parti socialiste","H","Réunion","michel-vergoz","http://www.senat.fr/senateur/vergoz_michel11025f.html"
"VIAL","Jean-Pierre","UMP","Union pour un Mouvement Populaire","H","Savoie","jean-pierre-vial","http://www.senat.fr/senateur/vial_jean_pierre95067q.html"
"VINCENT","Maurice","SOC","Parti socialiste","H","Loire","maurice-vincent","http://www.senat.fr/senateur/vincent_maurice11057p.html"
"WATRIN","Dominique","CRC","Parti communiste Français","H","Pas-de-Calais","dominique-watrin","http://www.senat.fr/senateur/watrin_dominique11063m.html"
"YUNG","Richard","SOC","Parti socialiste","H","Français établis hors de France","richard-yung","http://www.senat.fr/senateur/yung_richard04034c.html"
"ZOCCHETTO","François","UDI-UC","Union des radicaux, centristes, indépendants et démocrates","H","Mayenne","francois-zocchetto","http://www.senat.fr/senateur/zocchetto_francois01047u.html"
